brand,model,reference,title,price,currency,date,condition,box_papers,bracelet,source,url
Rolex,Datejust,116234,"Rolex Datejust 36 116234 White Roman Oyster",12350,AUD,2025-07-21,Very Good,true,Oyster,eBay,https://example.com/1
Rolex,Datejust,116234,"Rolex Datejust 36 116234 Black Concentric Racing",11700,AUD,2025-06-18,Good,false,Jubilee,eBay,https://example.com/2
Omega,Speedmaster,3570.50,"Omega Speedmaster Pro 3570.50 Full Set",5950,AUD,2025-05-10,Very Good,true,Steel,eBay,https://example.com/3
Grand Seiko,SBGR261,SBGR261,"Grand Seiko SBGR261 9S65",4200,USD,2025-04-02,Like New,true,Leather,Reddit,https://example.com/4
